z_hat,Q_over_D2_W_s
2.023919,0.300405
2.373699,0.347857
2.704453,0.402806
2.993331,0.466434
3.264905,0.439858
3.36147,0.55619
3.720013,0.540112
3.775321,0.767981
3.999733,0.607351
4.42666,0.644046
4.492475,0.915764
4.759516,0.724223
5.193365,1.12449
6.179034,1.12449
7.039866,1.264477
7.679453,1.380789
8.376762,1.421891
9.137387,1.464216
